Name,Office,DistrictType,District,Party,Incumbent,Status,PhotoURL,Bio,Website,OfficialURL,Email,Phone,Facebook,Instagram,X,VolunteerURL,DonateURL,TopIssues,Active,Order,Source
Mike Bleak,County Commissioner A,county,Iron,Republican,TRUE,GENERAL,,,,https://ironcountyut.gov/commission,,(435) 590-9666,,,,,,,TRUE,1,https://ironcountyut.gov/commission ; candidates: 2026 General Election Certification https://www.utah.gov/pmn/files/1484019.pdf (unopposed)
Paul Cozzens,County Commissioner B,county,Iron,,TRUE,INCUMBENT — not on 2026 ballot,,,,https://ironcountyut.gov/commission,,(435) 590-7618,,,,,,,TRUE,2,"https://ironcountyut.gov/commission ; candidates: 2026 General Election Certification https://www.utah.gov/pmn/files/1484019.pdf; seat B assignment inferred (Bleak=A up 2026, Robinson elected seat C 2024, Cozzens not on 2026 ballot); no email published"
Wesley B. Curtis,County Commissioner B,county,Iron,Unaffiliated,FALSE,GENERAL,,,,https://ironcountyut.gov/commission,,,,,,,,,TRUE,2,https://ironcountyut.gov/commission ; candidates: 2026 General Election Certification https://www.utah.gov/pmn/files/1484019.pdf
K. Rand Bettridge,County Commissioner B,county,Iron,Republican,FALSE,GENERAL,,,,https://ironcountyut.gov/commission,,,,,,,,,TRUE,2,https://ironcountyut.gov/commission ; candidates: 2026 General Election Certification https://www.utah.gov/pmn/files/1484019.pdf
Ken Robinson,County Commissioner C,county,Iron,,TRUE,INCUMBENT — not on 2026 ballot,,,,https://ironcountyut.gov/commission,,(435) 691-5014,,,,,,,TRUE,3,https://ironcountyut.gov/commission ; candidates: 2026 General Election Certification https://www.utah.gov/pmn/files/1484019.pdf; no email published
Clinton Painter,County Commissioner Seat A,county,Juab,,TRUE,INCUMBENT — not on 2026 ballot,,,,https://juabcounty.gov/government/commission/,,(435) 623-3410,,,,,,,TRUE,1,https://juabcounty.gov/government/commission/ ; candidates: sample ballot https://juabcounty.gov/wp-content/uploads/2026/09/Juab_County_2026_General_Sample_Ballots-corrected.pdf ; seat assignments inferred (Kenison=Seat C 2025-2028 per goodparty.org; Palmer on ballot Seat B; Painter therefore A); no individual emails published (contact form)
J. David Fletcher,County Commissioner Seat A,county,Juab,Republican,FALSE,GENERAL,,,,https://juabcounty.gov/government/commission/,,,,,,,,,TRUE,1,https://juabcounty.gov/government/commission/ ; candidates: sample ballot https://juabcounty.gov/wp-content/uploads/2026/09/Juab_County_2026_General_Sample_Ballots-corrected.pdf ; seat assignments inferred (Kenison=Seat C 2025-2028 per goodparty.org; Palmer on ballot Seat B; Painter therefore A); no individual emails published (contact form)
Dennis K. Timm,County Commissioner Seat A,county,Juab,Constitution,FALSE,GENERAL,,,,https://juabcounty.gov/government/commission/,,,,,,,,,TRUE,1,https://juabcounty.gov/government/commission/ ; candidates: sample ballot https://juabcounty.gov/wp-content/uploads/2026/09/Juab_County_2026_General_Sample_Ballots-corrected.pdf ; seat assignments inferred (Kenison=Seat C 2025-2028 per goodparty.org; Palmer on ballot Seat B; Painter therefore A); no individual emails published (contact form)
Marty L. Palmer,County Commissioner Seat B,county,Juab,Republican,TRUE,GENERAL,,,,https://juabcounty.gov/government/commission/,,(435) 623-3410,,,,,,,TRUE,2,https://juabcounty.gov/government/commission/ ; candidates: sample ballot https://juabcounty.gov/wp-content/uploads/2026/09/Juab_County_2026_General_Sample_Ballots-corrected.pdf ; seat assignments inferred (Kenison=Seat C 2025-2028 per goodparty.org; Palmer on ballot Seat B; Painter therefore A); no individual emails published (contact form) (unopposed)
Marvin Kenison,County Commissioner Seat C,county,Juab,Republican,TRUE,INCUMBENT — not on 2026 ballot,,,,https://juabcounty.gov/government/commission/,,(435) 623-3410,,,,,,,TRUE,3,https://juabcounty.gov/government/commission/ ; candidates: sample ballot https://juabcounty.gov/wp-content/uploads/2026/09/Juab_County_2026_General_Sample_Ballots-corrected.pdf ; seat assignments inferred (Kenison=Seat C 2025-2028 per goodparty.org; Palmer on ballot Seat B; Painter therefore A); no individual emails published (contact form)
Vicki Lyman,Commission Seat A,county,Millard,,TRUE,INCUMBENT — not on 2026 ballot,,,,https://millardcounty.gov/your-government/elected-officials/commission/,vlyman@millardcounty.gov,435-743-6223,,,,,,,TRUE,1,"https://millardcounty.gov/your-government/elected-officials/commission/ ; candidates: https://millardcounty.gov/your-government/elected-officials/clerk/elections/2026-election-candidates/ (clerk list; Lyman out in primary, Johnson out in convention, Diaz out in primary; seat letters for Wright=C inferred, on 2026 ballot only A and B) (lost 2026 GOP primary)"
Kevin Don Morris,Commission Seat A,county,Millard,Republican,FALSE,GENERAL,,,,https://millardcounty.gov/your-government/elected-officials/commission/,,,,,,,,,TRUE,1,"https://millardcounty.gov/your-government/elected-officials/commission/ ; candidates: https://millardcounty.gov/your-government/elected-officials/clerk/elections/2026-election-candidates/ (clerk list; Lyman out in primary, Johnson out in convention, Diaz out in primary; seat letters for Wright=C inferred, on 2026 ballot only A and B) (primary winner; party per clerk: all filed Republican)"
Trevor Johnson,Commission Seat B,county,Millard,,TRUE,INCUMBENT — not on 2026 ballot,,,,https://millardcounty.gov/your-government/elected-officials/commission/,tjohnson@millardcounty.gov,435-743-6223,,,,,,,TRUE,2,"https://millardcounty.gov/your-government/elected-officials/commission/ ; candidates: https://millardcounty.gov/your-government/elected-officials/clerk/elections/2026-election-candidates/ (clerk list; Lyman out in primary, Johnson out in convention, Diaz out in primary; seat letters for Wright=C inferred, on 2026 ballot only A and B) (out in convention)"
Louis Howard Quackenbush II,Commission Seat B,county,Millard,Republican,FALSE,GENERAL,,,,https://millardcounty.gov/your-government/elected-officials/commission/,,,,,,,,,TRUE,2,"https://millardcounty.gov/your-government/elected-officials/commission/ ; candidates: https://millardcounty.gov/your-government/elected-officials/clerk/elections/2026-election-candidates/ (clerk list; Lyman out in primary, Johnson out in convention, Diaz out in primary; seat letters for Wright=C inferred, on 2026 ballot only A and B) (primary winner over Felipe Diaz; party per clerk: all filed Republican)"
Bill Wright,Commission Seat C,county,Millard,,TRUE,INCUMBENT — not on 2026 ballot,,,,https://millardcounty.gov/your-government/elected-officials/commission/,bwright@millardcounty.gov,435-743-6223,,,,,,,TRUE,3,"https://millardcounty.gov/your-government/elected-officials/commission/ ; candidates: https://millardcounty.gov/your-government/elected-officials/clerk/elections/2026-election-candidates/ (clerk list; Lyman out in primary, Johnson out in convention, Diaz out in primary; seat letters for Wright=C inferred, on 2026 ballot only A and B)"
Scott Wardle,County Council District 1,county,Tooele,,TRUE,INCUMBENT — not on 2026 ballot,,,,https://www.tooeleco.gov/council/council_members.php,scott.wardle@tooeleco.gov,(435) 843-3100,,,,,,,TRUE,1,https://www.tooeleco.gov/council/council_members.php ; emails from https://www.tooeleco.gov/council/assignments.php ; candidates: 2026 General Election Certification https://www.utah.gov/pmn/files/1482453.pdf; phone is county main line
Kendal Thomas,County Council District 2,county,Tooele,,TRUE,INCUMBENT — not on 2026 ballot,,,,https://www.tooeleco.gov/council/council_members.php,kendall.thomas@tooeleco.gov,(435) 843-3100,,,,,,,TRUE,2,https://www.tooeleco.gov/council/council_members.php ; emails from https://www.tooeleco.gov/council/assignments.php ; candidates: 2026 General Election Certification https://www.utah.gov/pmn/files/1482453.pdf; phone is county main line (email spelled kendall.thomas; party not verified on page)
Michael Rapich,County Council District 2,county,Tooele,Republican,FALSE,GENERAL,,,,https://www.tooeleco.gov/council/council_members.php,,,,,,,,,TRUE,2,https://www.tooeleco.gov/council/council_members.php ; emails from https://www.tooeleco.gov/council/assignments.php ; candidates: 2026 General Election Certification https://www.utah.gov/pmn/files/1482453.pdf; phone is county main line
Tye Hoffmann,County Council District 3,county,Tooele,,TRUE,INCUMBENT — not on 2026 ballot,,,,https://www.tooeleco.gov/council/council_members.php,tye.hoffmann@tooeleco.gov,(435) 843-3100,,,,,,,TRUE,3,https://www.tooeleco.gov/council/council_members.php ; emails from https://www.tooeleco.gov/council/assignments.php ; candidates: 2026 General Election Certification https://www.utah.gov/pmn/files/1482453.pdf; phone is county main line
Jared Hamner,County Council District 4,county,Tooele,,TRUE,INCUMBENT — not on 2026 ballot,,,,https://www.tooeleco.gov/council/council_members.php,jared.hamner@tooeleco.gov,(435) 843-3100,,,,,,,TRUE,4,https://www.tooeleco.gov/council/council_members.php ; emails from https://www.tooeleco.gov/council/assignments.php ; candidates: 2026 General Election Certification https://www.utah.gov/pmn/files/1482453.pdf; phone is county main line
Erik A. Stromberg,County Council District 5,county,Tooele,Republican,TRUE,GENERAL,,,,https://www.tooeleco.gov/council/council_members.php,erik.stromberg@tooeleco.gov,(435) 843-3100,,,,,,,TRUE,5,https://www.tooeleco.gov/council/council_members.php ; emails from https://www.tooeleco.gov/council/assignments.php ; candidates: 2026 General Election Certification https://www.utah.gov/pmn/files/1482453.pdf; phone is county main line
Luke Searle,County Council Seat A (At-Large),county,Wasatch,,TRUE,INCUMBENT — not on 2026 ballot,,,,https://www.wasatchcounty.gov/Directory.aspx?DID=8,LSearle@wasatch.utah.gov,(435) 657-3180,,,,,,,TRUE,1,"https://www.wasatchcounty.gov/Directory.aspx?DID=8 ; candidates: 2026 General Election Certification https://www.utah.gov/pmn/files/1483613.pdf (Searle is on ballot for State House 59, not Seat A)"
Rachel Kahler,County Council Seat A (At-Large),county,Wasatch,Republican,FALSE,GENERAL,,,,https://www.wasatchcounty.gov/Directory.aspx?DID=8,,,,,,,,,TRUE,1,https://www.wasatchcounty.gov/Directory.aspx?DID=8 ; candidates: 2026 General Election Certification https://www.utah.gov/pmn/files/1483613.pdf; KPCW 2026-07-02
Robert Duncan McNeill,County Council Seat A (At-Large),county,Wasatch,Democratic,FALSE,GENERAL,,,,https://www.wasatchcounty.gov/Directory.aspx?DID=8,,,,,,,,,TRUE,1,https://www.wasatchcounty.gov/Directory.aspx?DID=8 ; candidates: 2026 General Election Certification https://www.utah.gov/pmn/files/1483613.pdf; replaced withdrawn Patrick Saucier on 2026-09-01 (Park Record). Write-ins Hewlett/Taylor not listed
Colleen Bonner,County Council Seat B (At-Large),county,Wasatch,,TRUE,INCUMBENT — not on 2026 ballot,,,,https://www.wasatchcounty.gov/Directory.aspx?DID=8,ColleenBonner@wasatch.utah.gov,(435) 657-3180,,,,,,,TRUE,2,https://www.wasatchcounty.gov/Directory.aspx?DID=8 ; candidates: 2026 General Election Certification https://www.utah.gov/pmn/files/1483613.pdf
Erik K. Rowland,County Council Seat C,county,Wasatch,Republican,TRUE,GENERAL,,,,https://www.wasatchcounty.gov/Directory.aspx?DID=8,ERowland@wasatch.utah.gov,(435) 657-3180,,,,,,,TRUE,3,https://www.wasatchcounty.gov/Directory.aspx?DID=8 ; candidates: 2026 General Election Certification https://www.utah.gov/pmn/files/1483613.pdf (unopposed)
Kendall Crittenden,County Council Seat D,county,Wasatch,,TRUE,INCUMBENT — not on 2026 ballot,,,,https://www.wasatchcounty.gov/Directory.aspx?DID=8,kcrittenden@wasatch.utah.gov,(435) 657-3180,,,,,,,TRUE,4,https://www.wasatchcounty.gov/Directory.aspx?DID=8 ; candidates: 2026 General Election Certification https://www.utah.gov/pmn/files/1483613.pdf
Mark Nelson,County Council Seat E,county,Wasatch,,TRUE,INCUMBENT — not on 2026 ballot,,,,https://www.wasatchcounty.gov/Directory.aspx?DID=8,MNelson@wasatch.utah.gov,(435) 657-3180,,,,,,,TRUE,5,https://www.wasatchcounty.gov/Directory.aspx?DID=8 ; candidates: 2026 General Election Certification https://www.utah.gov/pmn/files/1483613.pdf
Michael Murphy,County Council Seat F,county,Wasatch,Republican,TRUE,GENERAL,,,,https://www.wasatchcounty.gov/Directory.aspx?DID=8,mmurphy@wasatchcounty.gov,(435) 657-3180,,,,,,,TRUE,6,"https://www.wasatchcounty.gov/Directory.aspx?DID=8 ; candidates: 2026 General Election Certification https://www.utah.gov/pmn/files/1483613.pdf (interim appointee; directory lists mmurphy@wasatchcounty.gov, Council page lists michaelmurphy@wasatch.utah.gov)"
Joseph A. Tugaw,County Council Seat F,county,Wasatch,Democratic,FALSE,GENERAL,,,,https://www.wasatchcounty.gov/Directory.aspx?DID=8,jatugaw@gmail.com,,,,,,,,TRUE,6,https://www.wasatchcounty.gov/Directory.aspx?DID=8 ; candidates: 2026 General Election Certification https://www.utah.gov/pmn/files/1483613.pdf; email from Dem candidate seed CSV
Spencer Park,County Council Seat G,county,Wasatch,,TRUE,INCUMBENT — not on 2026 ballot,,,,https://www.wasatchcounty.gov/Directory.aspx?DID=8,SPark@wasatch.utah.gov,(435) 657-3180,,,,,,,TRUE,7,https://www.wasatchcounty.gov/Directory.aspx?DID=8 ; candidates: 2026 General Election Certification https://www.utah.gov/pmn/files/1483613.pdf
Jenny Wilson,County Mayor,county,Salt Lake,Democratic,TRUE,INCUMBENT — not on 2026 ballot,,,,https://www.saltlakecounty.gov/mayor/,mayor@saltlakecounty.gov,385-468-7000,,,,,,,TRUE,1,https://www.saltlakecounty.gov/mayor/ (mayor not up in 2026)
Laurie Stringham,County Council At-Large A,county,Salt Lake,Republican,TRUE,INCUMBENT — not on 2026 ballot,,,,https://www.saltlakecounty.gov/council/contact/laurie-stringham-chair/,LLStringham@saltlakecounty.gov,385-468-7451,,,,,,,TRUE,2,https://www.saltlakecounty.gov/council/contact/laurie-stringham-chair/ ; clerk candidate list shows her 'Out in Convention' so not on Nov ballot
Kathleen Anderson,County Council At-Large A,county,Salt Lake,Republican,FALSE,GENERAL,,,,,kate8anderson@icloud.com,,,,,,,,TRUE,2,SL certified ballot saltlakecounty.gov uocava-posting---general-updated.pdf (9/2/26); clerk list API apps.saltlakecounty.gov/services/cl/cl-candidate-reporting-service
Zach Robinson,County Council At-Large A,county,Salt Lake,Democratic,FALSE,GENERAL,,,https://zachforcouncil.com,,votezachrobinson@gmail.com,,http://facebook.com/zachforslco,http://instagram.com/zachforslcoatlarge,,,https://secure.actblue.com/donate/ws-zach,,TRUE,2,SL certified ballot saltlakecounty.gov uocava-posting---general-updated.pdf (9/2/26); clerk list API apps.saltlakecounty.gov/services/cl/cl-candidate-reporting-service ; email is the one on the clerk list (differs from lead zachery.robinson@gmail.com)
Maleah Bliss Caulford,County Council At-Large A,county,Salt Lake,Forward,FALSE,GENERAL,,,https://maleahbliss.com,,maleahbliss@gmail.com,,,,,,https://maleahbliss.com/donate/,,TRUE,2,SL certified ballot saltlakecounty.gov uocava-posting---general-updated.pdf (9/2/26); clerk list API apps.saltlakecounty.gov/services/cl/cl-candidate-reporting-service ; UNCERTAIN: on the Sep 2 certified ballot but clerk candidate list now marks her 'Withdrew' - confirm whether she still prints on ballot
Gregory Beglarian,County Council At-Large A,county,Salt Lake,Constitution,FALSE,GENERAL,,,,,nbeglarian@hotmail.com,,,,,,,,TRUE,2,SL certified ballot saltlakecounty.gov uocava-posting---general-updated.pdf (9/2/26); clerk list API apps.saltlakecounty.gov/services/cl/cl-candidate-reporting-service
Suzanne Harrison,County Council At-Large B,county,Salt Lake,,TRUE,INCUMBENT — not on 2026 ballot,,,,https://www.saltlakecounty.gov/council/contact/suzanne-harrison/,SuHarrison@saltlakecounty.gov,801-999-8047,,,,,,,TRUE,3,https://www.saltlakecounty.gov/council/contact/suzanne-harrison/
Natalie Pinkney,County Council At-Large C,county,Salt Lake,,TRUE,INCUMBENT — not on 2026 ballot,,,,https://www.saltlakecounty.gov/council/contact/natalie-pinkney/,NPinkney@saltlakecounty.gov,385-468-7455,,,,,,,TRUE,4,https://www.saltlakecounty.gov/council/contact/natalie-pinkney/
Jiro Johnson,County Council District 1,county,Salt Lake,Democratic,TRUE,GENERAL,,,https://jiroforsaltlake.com,https://www.saltlakecounty.gov/council/contact/jiro-johnson/,JiJohnson@saltlakecounty.gov,385-468-7454,,https://instagram.com/jiroforslco/,,,https://jiroforsaltlake.com/donate,,TRUE,5,SL certified ballot saltlakecounty.gov uocava-posting---general-updated.pdf (9/2/26); clerk list API apps.saltlakecounty.gov/services/cl/cl-candidate-reporting-service ; campaign email campaign@jiroforsaltlake.com ; https://www.saltlakecounty.gov/council/contact/jiro-johnson/
Casey Poe,County Council District 1,county,Salt Lake,Libertarian,FALSE,GENERAL,,,,,,,,,,,,,TRUE,5,SL certified ballot saltlakecounty.gov uocava-posting---general-updated.pdf (9/2/26); clerk list API apps.saltlakecounty.gov/services/cl/cl-candidate-reporting-service ; no email/website published
Carlos A. Moreno,County Council District 2,county,Salt Lake,,TRUE,INCUMBENT — not on 2026 ballot,,,,https://www.saltlakecounty.gov/council/contact/carlos-moreno/,CarlosMoreno@saltlakecounty.gov,385-468-7457,,,,,,,TRUE,6,https://www.saltlakecounty.gov/council/contact/carlos-moreno/ (District 2 not up in 2026)
Aimee Winder Newton,County Council District 3,county,Salt Lake,,TRUE,INCUMBENT — not on 2026 ballot,,,,https://www.saltlakecounty.gov/council/contact/aimee-winder-newton/,ANewton@saltlakecounty.gov,385-468-7456,,,,,,,TRUE,7,https://www.saltlakecounty.gov/council/contact/aimee-winder-newton/ ; not on certified ballot for District 3
Mike Bird,County Council District 3,county,Salt Lake,Republican,FALSE,GENERAL,,,http://www.electmikebird.com,,mike@electmikebird.com,,https://www.facebook.com/ElectMikeBird/,https://www.instagram.com/mike.bird/,https://x.com/Mikee_Bird,,http://www.electmikebird.com/donate,,TRUE,7,SL certified ballot saltlakecounty.gov uocava-posting---general-updated.pdf (9/2/26); clerk list API apps.saltlakecounty.gov/services/cl/cl-candidate-reporting-service
Luke Maynes,County Council District 3,county,Salt Lake,Democratic,FALSE,GENERAL,,,https://lukeforcountycouncil.com,,luke@lukeforcountycouncil.com,,https://www.facebook.com/lukemaynesforslco3/,https://www.instagram.com/lukemaynesforslco3,,,https://secure.actblue.com/donate/luke-maynes-1,,TRUE,7,SL certified ballot saltlakecounty.gov uocava-posting---general-updated.pdf (9/2/26); clerk list API apps.saltlakecounty.gov/services/cl/cl-candidate-reporting-service
Ross Romero,County Council District 4,county,Salt Lake,,TRUE,INCUMBENT — not on 2026 ballot,,,,https://www.saltlakecounty.gov/council/contact/ross-romero/,RRomero@saltlakecounty.gov,385-468-7459,,,,,,,TRUE,8,https://www.saltlakecounty.gov/council/contact/ross-romero/ (District 4 not up in 2026)
Sheldon Stewart,County Council District 5,county,Salt Lake,,TRUE,INCUMBENT — not on 2026 ballot,,,,https://www.saltlakecounty.gov/council/contact/sheldon-stewart/,SStewart@saltlakecounty.gov,385-468-7458,,,,,,,TRUE,9,https://www.saltlakecounty.gov/council/contact/sheldon-stewart/ ; not on certified ballot for District 5
Traci Crockett,County Council District 5,county,Salt Lake,Republican,FALSE,GENERAL,,,,,tracicrockett@gmail.com,,,,,,,,TRUE,9,SL certified ballot saltlakecounty.gov uocava-posting---general-updated.pdf (9/2/26); clerk list API apps.saltlakecounty.gov/services/cl/cl-candidate-reporting-service ; won Republican primary over Chris Null
Sara Cimmers,County Council District 5,county,Salt Lake,Democratic,FALSE,GENERAL,,,,,utahvotesforsara@gmail.com,,,,,,,,TRUE,9,SL certified ballot saltlakecounty.gov uocava-posting---general-updated.pdf (9/2/26); clerk list API apps.saltlakecounty.gov/services/cl/cl-candidate-reporting-service
Dea Theodore,County Council District 6,county,Salt Lake,,TRUE,INCUMBENT — not on 2026 ballot,,,,https://www.saltlakecounty.gov/council/contact/dea-theodore/,DHTheodore@saltlakecounty.gov,385-468-7453,,,,,,,TRUE,10,https://www.saltlakecounty.gov/council/contact/dea-theodore/ (District 6 not up in 2026)
Amelia Powers Gardner,County Commission Seat A,county,Utah,,TRUE,INCUMBENT — not on 2026 ballot,,,,https://www.utahcounty.gov/portfolio/amelia-powers-gardner,AmeliaP@utahcounty.gov,801-851-8136,,,,,,,TRUE,1,https://www.utahcounty.gov/portfolio/amelia-powers-gardner ; Seat A per Herald Extra https://www.heraldextra.com/news/2026/jan/14/whos-running-for-utah-county-commissions-two-open-seats-in-2026/ ; not seeking reelection
Michelle Kaufusi,County Commission Seat A,county,Utah,Republican,FALSE,GENERAL,,,,,,,,,,,,,TRUE,1,Utah County certification utahcounty.gov/cms/uploads/Utah_County_2026_General_Election_Candidate_Certification_4e705c1719.pdf + sample ballot vote.utahcounty.gov ; no campaign site/email found
Jeanne Marie Bowen,County Commission Seat A,county,Utah,Democratic,FALSE,GENERAL,,,,,bowenjeanne@yahoo.com,,,,,,,,TRUE,1,"Utah County certification utahcounty.gov/cms/uploads/Utah_County_2026_General_Election_Candidate_Certification_4e705c1719.pdf + sample ballot vote.utahcounty.gov ; email from Dem party lead, not clerk-published"
Jacob D. Oaks,County Commission Seat A,county,Utah,Independent American,FALSE,GENERAL,,,,,,,,,,,,,TRUE,1,Utah County certification utahcounty.gov/cms/uploads/Utah_County_2026_General_Election_Candidate_Certification_4e705c1719.pdf + sample ballot vote.utahcounty.gov ; no contact found
Brandon Gordon,County Commission Seat B,county,Utah,,TRUE,INCUMBENT — not on 2026 ballot,,,,https://www.utahcounty.gov/portfolio/brandon-gordon,BrandonG@utahcounty.gov,801-851-8135,,,,,,,TRUE,2,https://www.utahcounty.gov/portfolio/brandon-gordon ; Seat B per Herald Extra; not seeking reelection
David M. Spencer,County Commission Seat B,county,Utah,Republican,FALSE,GENERAL,,,https://www.davidspencerforutah.com/,,davidspencerforutah@gmail.com,,https://www.facebook.com/DavidSpencerForUtah/,,,,https://www.davidspencerforutah.com/donate,,TRUE,2,Utah County certification utahcounty.gov/cms/uploads/Utah_County_2026_General_Election_Candidate_Certification_4e705c1719.pdf + sample ballot vote.utahcounty.gov
J. Allen,County Commission Seat B,county,Utah,Democratic,FALSE,GENERAL,,,https://allenforutahcounty.com/,,canyonjallen@gmail.com,,https://www.facebook.com/profile.php?id=61588048033430,https://www.instagram.com/allenforutahcounty/,,,https://allenforutahcounty.com/donate/,,TRUE,2,Utah County certification utahcounty.gov/cms/uploads/Utah_County_2026_General_Election_Candidate_Certification_4e705c1719.pdf + sample ballot vote.utahcounty.gov ; ballot name is 'J. Allen' (lead says Fred J. Allen); email from Dem lead
David Hinckley,County Commission Seat B,county,Utah,Forward,FALSE,GENERAL,,,https://www.davidhinckley.com/,,,,https://www.facebook.com/davidhinckleyforutah,https://www.instagram.com/davidhinckley/,,,https://www.davidhinckley.com/donate,,TRUE,2,Utah County certification utahcounty.gov/cms/uploads/Utah_County_2026_General_Election_Candidate_Certification_4e705c1719.pdf + sample ballot vote.utahcounty.gov ; certified spelling HINCKLEY
Skyler Beltran,County Commission Seat C,county,Utah,Republican,TRUE,INCUMBENT — not on 2026 ballot,,,,https://www.utahcounty.gov/portfolio/skyler-beltran,skylerb@utahcounty.gov,801-851-8133,,,,,,,TRUE,3,https://www.utahcounty.gov/portfolio/skyler-beltran ; Seat C (2024 candidate list); not up until 2028
Bob J. Stevenson,County Commissioner Seat A,county,Davis,,TRUE,INCUMBENT — not on 2026 ballot,,,,https://www.daviscountyutah.gov/commission/portfolio,commissioners@daviscountyutah.gov,801-451-3200,,,,,,,TRUE,1,daviscountyutah.gov 2026 commissioner assignments PDF; shared commission email (no individual emails published) ; not on ballot (Harris is the only Seat A candidate)
Kendalyn Harris,County Commissioner Seat A,county,Davis,Republican,FALSE,GENERAL,,,https://votekendalyn.com,,,,,,,,,,TRUE,1,Davis clerk certification daviscountyutah.gov 2026 General Notice.pdf (8/31/26) ; unopposed
Lorene M. Kamalu,County Commissioner Seat B,county,Davis,,TRUE,INCUMBENT — not on 2026 ballot,,,,https://www.daviscountyutah.gov/commission/portfolio,commissioners@daviscountyutah.gov,801-451-3200,,,,,,,TRUE,2,daviscountyutah.gov 2026 commissioner assignments PDF; shared commission email (no individual emails published) ; not on ballot
Susan Lee,County Commissioner Seat B,county,Davis,Republican,FALSE,GENERAL,,,https://www.votesusanlee.com,,slee737@me.com,,,,,,https://www.votesusanlee.com/donate,,TRUE,2,Davis clerk certification daviscountyutah.gov 2026 General Notice.pdf (8/31/26) ; email from campaign site
Bret Millburn,County Commissioner Seat B,county,Davis,Unaffiliated,FALSE,GENERAL,,,https://www.bretmillburn.com,,,,https://www.facebook.com/p/Bret-Millburn-for-Davis-County-Commissioner-100063706731852/,,,,https://www.bretmillburn.com/donate,,TRUE,2,"Davis clerk certification daviscountyutah.gov 2026 General Notice.pdf (8/31/26) ; former commissioner, not current incumbent"
John Crofts,County Commissioner Seat C,county,Davis,,TRUE,INCUMBENT — not on 2026 ballot,,,,https://www.daviscountyutah.gov/commission/portfolio,commissioners@daviscountyutah.gov,801-451-3200,,,,,,,TRUE,3,daviscountyutah.gov 2026 commissioner assignments PDF; shared commission email (no individual emails published) ; Seat C not up in 2026
Gage Froerer,County Commissioner A,county,Weber,,TRUE,INCUMBENT — not on 2026 ballot,,,,https://www.webercountyutah.gov/County_Commission/froerer.php,gfroerer@webercountyutah.gov,801-399-8590,,,,,,,TRUE,1,https://www.webercountyutah.gov/County_Commission/froerer.php ; not seeking reelection (Standard-Examiner)
Duane D. Kearsley,County Commissioner A,county,Weber,Republican,FALSE,GENERAL,,,https://votekearsley.com/,,,,https://www.facebook.com/duane.kearsley/,,,,https://votekearsley.com/donate/,,TRUE,1,weberelections.gov G26 candidate sheet (8/12/26); theballotbrief.com weber-county
Alvin Thurgood,County Commissioner A,county,Weber,Democratic,FALSE,GENERAL,,,,,ajgravedigger13@gmail.com,,,,,,,,TRUE,1,weberelections.gov G26 candidate sheet (8/12/26); theballotbrief.com weber-county ; email from Dem lead
Gary C. New,County Commissioner A,county,Weber,Forward,FALSE,GENERAL,,,,,,,,,,,,,TRUE,1,weberelections.gov G26 candidate sheet (8/12/26); theballotbrief.com weber-county ; Forward Party of Utah; no contact found
Sharon Arrington Bolos,County Commissioner B,county,Weber,,TRUE,INCUMBENT — not on 2026 ballot,,,,https://www.webercountyutah.gov/County_Commission/bolos.php,sbolos@webercountyutah.gov,801-399-8589,,,,,,,TRUE,2,https://www.webercountyutah.gov/County_Commission/bolos.php ; lost June 23 2026 Republican primary to Beesley
Jon D. Beesley,County Commissioner B,county,Weber,Republican,FALSE,GENERAL,,,https://www.jonforweber.com/,,,,https://facebook.com/jon.beesley.2025,,,,,,TRUE,2,weberelections.gov G26 candidate sheet (8/12/26); theballotbrief.com weber-county ; only candidate on ballot for Seat B (unopposed unless write-in)
Jim Harvey,County Commissioner C,county,Weber,,TRUE,INCUMBENT — not on 2026 ballot,,,,https://www.webercountyutah.gov/County_Commission/harvey.php,jharvey@webercountyutah.gov,801-399-8588,,,,,,,TRUE,3,https://www.webercountyutah.gov/County_Commission/harvey.php ; Seat C letter inferred (Seats A/B are the 2026 seats)
Gil Almquist,County Commission Seat A,county,Washington,Republican,TRUE,GENERAL,,,,https://www.washco.utah.gov/departments/commission/,gil.almquist@washco.utah.gov,435-301-7000,,,,,,,TRUE,1,washco.utah.gov 2026-General-Election-Certification-of-County-Candidates-Notice.pdf ; emails confirmed on utah.gov PMN notices
Gail Koske,County Commission Seat A,county,Washington,Democratic,FALSE,GENERAL,,,,,koskegail@gmail.com,,,,,,,,TRUE,1,washco.utah.gov 2026-General-Election-Certification-of-County-Candidates-Notice.pdf ; email from declaration of candidacy (handwritten) and Dem lead
Victor Iverson,County Commission Seat B,county,Washington,,TRUE,INCUMBENT — not on 2026 ballot,,,,https://www.washco.utah.gov/departments/commission/,victor.iverson@washco.utah.gov,435-301-7000,,,,,,,TRUE,2,https://www.washco.utah.gov/departments/commission/ ; not on certified general ballot (lost primary per St George News)
Troy G. Belliston,County Commission Seat B,county,Washington,Republican,FALSE,GENERAL,,,,,troygbelliston@gmail.com,,,,,,,,TRUE,2,washco.utah.gov 2026-General-Election-Certification-of-County-Candidates-Notice.pdf ; UNCERTAIN: email read from handwritten declaration https://www.washco.utah.gov/wp-content/uploads/2026/01/26-DOC-Seat-B-Troy-G.-Bellistonpost.pdf
Sarah N. Anderson,County Commission Seat B,county,Washington,Democratic,FALSE,GENERAL,,,,,sarahandersoncommissioner@gmail.com,,,,,,,,TRUE,2,washco.utah.gov 2026-General-Election-Certification-of-County-Candidates-Notice.pdf ; email matches declaration and lead
Kristin N. Isham,County Commission Seat B,county,Washington,Constitution,FALSE,GENERAL,,,,,kristinisham1@gmail.com,,,,,,,,TRUE,2,washco.utah.gov 2026-General-Election-Certification-of-County-Candidates-Notice.pdf ; UNCERTAIN: email read from handwritten declaration https://www.washco.utah.gov/wp-content/uploads/2026/01/26-DOC-Seat-B-Kristin-N.-Isham.pdf
Adam Snow,County Commission Seat C,county,Washington,,TRUE,INCUMBENT — not on 2026 ballot,,,,https://www.washco.utah.gov/departments/commission/,adam.snow@washco.utah.gov,435-301-7000,,,,,,,TRUE,3,https://www.washco.utah.gov/departments/commission/ ; Seat C letter inferred (not up in 2026)
N. George Daines,County Executive,county,Cache,Republican,TRUE,GENERAL,,,,https://www.cachecounty.gov/executive/,george.daines@cachecounty.gov,435-755-1852,,,,,,,TRUE,1,cachecounty.gov election-notice.html certification (9/2/26) + clerk candidate sheet (Google Sheet 1oHAHII3...) ; unopposed; ballot office is 'County Executive/Surveyor'
Keegan Garrity,County Council Logan Seat 1,county,Cache,Republican,TRUE,INCUMBENT — not on 2026 ballot,,,,https://www.cachecounty.gov/countycouncil/contact/contact-keegan-garrity.html,keegan.garrity@cachecounty.gov,435-512-7905,,,,,,,TRUE,2,cachecounty.gov/countycouncil/; emails confirmed on utah.gov PMN notices
JoAnn Bennett,County Council Logan Seat 2,county,Cache,Republican,TRUE,GENERAL,,,,https://www.cachecounty.gov/countycouncil/contact/contact-joann-bennett.html,joann.bennett@cachecounty.gov,801-825-9866,,,,,,,TRUE,3,cachecounty.gov election-notice.html certification (9/2/26) + clerk candidate sheet (Google Sheet 1oHAHII3...) ; cachecounty.gov/countycouncil/; emails confirmed on utah.gov PMN notices ; ballot: Logan District 2 (two-year term)
Allison E. Goulais,County Council Logan Seat 2,county,Cache,Democratic,FALSE,GENERAL,,,,,agoulais@gmail.com,,,,,,,,TRUE,3,cachecounty.gov election-notice.html certification (9/2/26) + clerk candidate sheet (Google Sheet 1oHAHII3...)
Sandi R. Goodlander,County Council Logan Seat 3,county,Cache,Republican,TRUE,GENERAL,,,,https://www.cachecounty.gov/countycouncil/contact/contact-sandi-goodlander.html,sandi.goodlander@cachecounty.gov,435-994-2305,,,,,,,TRUE,4,cachecounty.gov election-notice.html certification (9/2/26) + clerk candidate sheet (Google Sheet 1oHAHII3...) ; cachecounty.gov/countycouncil/; emails confirmed on utah.gov PMN notices
Mark A. Nafziger,County Council Logan Seat 3,county,Cache,Democratic,FALSE,GENERAL,,,,,nafziger808@msn.com,,,,,,,,TRUE,4,cachecounty.gov election-notice.html certification (9/2/26) + clerk candidate sheet (Google Sheet 1oHAHII3...)
David Erickson,County Council North 4,county,Cache,Republican,TRUE,INCUMBENT — not on 2026 ballot,,,,https://www.cachecounty.gov/countycouncil/contact/contact-david-erickson.html,david.erickson@cachecounty.gov,435-770-0283,,,,,,,TRUE,5,cachecounty.gov/countycouncil/; emails confirmed on utah.gov PMN notices ; seat number 4 inferred (North District)
Mark R. Hurd,County Council Northeast 5,county,Cache,Republican,TRUE,GENERAL,,,,https://www.cachecounty.gov/countycouncil/contact/contact-mark-hurd.html,mark.hurd@cachecounty.gov,435-890-9956,,,,,,,TRUE,6,cachecounty.gov election-notice.html certification (9/2/26) + clerk candidate sheet (Google Sheet 1oHAHII3...) ; cachecounty.gov/countycouncil/; emails confirmed on utah.gov PMN notices
Lizette Villegas,County Council Northeast 5,county,Cache,Democratic,FALSE,GENERAL,,,,,lizettesmile247@gmail.com,,,,,,,,TRUE,6,cachecounty.gov election-notice.html certification (9/2/26) + clerk candidate sheet (Google Sheet 1oHAHII3...)
Nolan P. Gunnell,County Council South 6,county,Cache,Republican,TRUE,INCUMBENT — not on 2026 ballot,,,,https://www.cachecounty.gov/countycouncil/contact/contact-nolan-gunnell.html,nolan.gunnell@cachecounty.gov,435-760-2902,,,,,,,TRUE,7,cachecounty.gov/countycouncil/; emails confirmed on utah.gov PMN notices ; seat number 6 inferred (South District)
Kathryn A. Beus,County Council Southeast 7,county,Cache,Republican,TRUE,GENERAL,,,https://www.kathrynbeus.com,https://www.cachecounty.gov/countycouncil/contact/contact-kathryn-beus.html,kathryn.beus@cachecounty.gov,435-512-5680,https://www.facebook.com/Kathryn-Anhder-Beus-for-Cache-County-Council-495173594191744/,,,,,,TRUE,8,cachecounty.gov election-notice.html certification (9/2/26) + clerk candidate sheet (Google Sheet 1oHAHII3...) ; cachecounty.gov/countycouncil/; emails confirmed on utah.gov PMN notices
Peter Thatcher,County Council Southeast 7,county,Cache,Constitution,FALSE,GENERAL,,,,,pthatcher@gmail.com,,,,,,,,TRUE,8,cachecounty.gov election-notice.html certification (9/2/26) + clerk candidate sheet (Google Sheet 1oHAHII3...)
Boyd Bingham,County Commissioner Seat A,county,Box Elder,,TRUE,INCUMBENT — not on 2026 ballot,,,,https://www.boxeldercountyut.gov/334/County-Commission,bbingham@boxeldercountyut.gov,435-734-3347,,,,,,,TRUE,1,https://www.boxeldercountyut.gov/334/County-Commission ; lost June 23 2026 Republican primary to Vance Smith
Vance Smith,County Commissioner Seat A,county,Box Elder,Republican,FALSE,GENERAL,,,,,vancesmithforcommissionera@gmail.com,,,,,,,,TRUE,1,boxeldercountyut.gov DocumentCenter 2523 general notice/ballot (9/23/26) ; UNCERTAIN: email read from handwritten declaration https://www.boxeldercountyut.gov/DocumentCenter/View/1966
Alan Williams,County Commissioner Seat A,county,Box Elder,Unaffiliated,FALSE,GENERAL,,,,,alan_g_williams@hotmail.com,,,,,,,,TRUE,1,boxeldercountyut.gov DocumentCenter 2523 general notice/ballot (9/23/26) ; UNCERTAIN: email read from handwritten declaration https://www.boxeldercountyut.gov/DocumentCenter/View/2330
Lee Perry,County Commissioner Seat B,county,Box Elder,,TRUE,INCUMBENT — not on 2026 ballot,,,,https://www.boxeldercountyut.gov/334/County-Commission,lbperry@boxeldercountyut.gov,435-734-3347,,,,,,,TRUE,2,https://www.boxeldercountyut.gov/334/County-Commission ; lost June 23 2026 Republican primary to Nathan Tueller
Nathan Tueller,County Commissioner Seat B,county,Box Elder,Republican,FALSE,GENERAL,,,,,nathantueller@hotmail.com,,,,,,,,TRUE,2,boxeldercountyut.gov DocumentCenter 2523 general notice/ballot (9/23/26) ; UNCERTAIN: email read from handwritten declaration https://www.boxeldercountyut.gov/DocumentCenter/View/1922 ; only candidate on ballot
Tyler Vincent,County Commissioner Seat C,county,Box Elder,Republican,TRUE,INCUMBENT — not on 2026 ballot,,,,https://www.boxeldercountyut.gov/334/County-Commission,tvincent@boxeldercountyut.gov,435-734-3347,,,,,,,TRUE,3,https://www.boxeldercountyut.gov/334/County-Commission ; Seat C elected 2024 (HJ News); not up in 2026
Matt Wilson,County Commission At-Large A,county,Morgan,Republican,TRUE,INCUMBENT — not on 2026 ballot,,,,https://www.morgancountyutah.gov/county-council94ad6c50,mwilson@morgancountyutah.gov,801-725-4457,,,,,,,TRUE,1,https://www.morgancountyutah.gov/county-council94ad6c50 ; At-Large A is also on the 2026 ballot (not in the Lt. Gov. list given) - Wilson is not a candidate; party from 2022 filing
Roland Haslam,County Commission At-Large A,county,Morgan,Republican,FALSE,GENERAL,,,,,,,,,,,,,TRUE,1,morgancountyutah.gov General Election 2026 Info.pdf (clerk cert 9/1/26) + declared Candidates for 2026 PDF ; At-Large A was not in the requested race list but is on the certified ballot; party from declared-candidate list
Blaine Fackrell,County Commission At-Large B,county,Morgan,Republican,TRUE,INCUMBENT — not on 2026 ballot,,,,https://www.morgancountyutah.gov/county-council94ad6c50,bfackrell@morgancountyutah.gov,801-668-0101,,,,,,,TRUE,2,https://www.morgancountyutah.gov/county-council94ad6c50 ; filed for reelection but is not on the certified general ballot (out in primary); party from 2022 filing
Jeff R. Mathews,County Commission At-Large B,county,Morgan,Republican,FALSE,GENERAL,,,,,,,,,,,,,TRUE,2,morgancountyutah.gov General Election 2026 Info.pdf (clerk cert 9/1/26) + declared Candidates for 2026 PDF ; no contact found
Shelley Marie Hill-Worthen,County Commission At-Large B,county,Morgan,Democratic,FALSE,GENERAL,,,http://shelley4morgan.com,,shelley.worthen@yahoo.com,,https://facebook.com/shelley.hill.worthen,,,,https://secure.actblue.com/donate/shellley-hill-worthen-2,,TRUE,2,morgancountyutah.gov General Election 2026 Info.pdf (clerk cert 9/1/26) + declared Candidates for 2026 PDF ; email from Dem lead
Raelene Blocker,County Commission District 1,county,Morgan,,TRUE,INCUMBENT — not on 2026 ballot,,,,https://www.morgancountyutah.gov/county-council94ad6c50,rblocker@morgancountyutah.gov,801-865-6062,,,,,,,TRUE,3,https://www.morgancountyutah.gov/county-council94ad6c50
Mike Newton,County Commission District 2,county,Morgan,,TRUE,INCUMBENT — not on 2026 ballot,,,,https://www.morgancountyutah.gov/county-council94ad6c50,mnewton@morgancountyutah.gov,801-317-6275,,,,,,,TRUE,4,https://www.morgancountyutah.gov/county-council94ad6c50
Vaughn Nickerson,County Commission District 3,county,Morgan,,TRUE,INCUMBENT — not on 2026 ballot,,,,https://www.morgancountyutah.gov/county-council94ad6c50,vnickerson@morgancountyutah.gov,385-350-1718,,,,,,,TRUE,5,https://www.morgancountyutah.gov/county-council94ad6c50
Bill Cox,County Commissioner Seat A,county,Rich,Republican,TRUE,GENERAL,,,,https://www.richcounty.gov/commissioners/,bcox@richcounty.gov,435-757-8248,,,,,,,TRUE,1,richcounty.gov 2026-General-Election-Certification-with-Candidates PDF (9/2026) ; Seat A incumbency inferred (he is the only sitting commissioner who filed for Seat A)
Sim Weston,County Commissioner Seat B,county,Rich,Republican,TRUE,GENERAL,,,,https://www.richcounty.gov/commissioners/,sweston@richcounty.gov,435-757-0921,,,,,,,TRUE,2,richcounty.gov 2026-General-Election-Certification-with-Candidates PDF (9/2026) ; certified as 'Simeon B Weston'
Jon Lee,County Commissioner Seat C,county,Rich,,TRUE,INCUMBENT — not on 2026 ballot,,,,https://www.richcounty.gov/commissioners/,jlee@richcounty.gov,385-355-5555,,,,,,,TRUE,3,https://www.richcounty.gov/commissioners/ ; Seat C per his declaration of candidacy file name; not up in 2026
Tonja Hanson,County Council District 1,county,Summit,,TRUE,INCUMBENT — not on 2026 ballot,,,,https://summitcountyutah.gov/314/Meet-the-Council,tbhanson@summitcountyutah.gov,435-901-7663,,,,,,,TRUE,1,Summit clerk certification utah.gov/pmn/files/1483415.pdf (9/2/26); districts per parkrecord.com 2025/10/09 article; summitcountyutah.gov staff directory
Megan McKenna,County Council District 2,county,Summit,,TRUE,INCUMBENT — not on 2026 ballot,,,,https://summitcountyutah.gov/314/Meet-the-Council,mmckenna@summitcountyutah.gov,,,,,,,,TRUE,2,Summit clerk certification utah.gov/pmn/files/1483415.pdf (9/2/26); districts per parkrecord.com 2025/10/09 article; summitcountyutah.gov staff directory ; no direct phone published (main 435-336-3200)
Roger Armstrong,County Council District 3,county,Summit,,TRUE,INCUMBENT — not on 2026 ballot,,,,https://summitcountyutah.gov/314/Meet-the-Council,rarmstrong@summitcountyutah.gov,818-207-1417,,,,,,,TRUE,3,Summit clerk certification utah.gov/pmn/files/1483415.pdf (9/2/26); districts per parkrecord.com 2025/10/09 article; summitcountyutah.gov staff directory
Chris Robinson,County Council District 4,county,Summit,,TRUE,INCUMBENT — not on 2026 ballot,,,,https://summitcountyutah.gov/314/Meet-the-Council,cfrobinson@summitcountyutah.gov,801-599-4397,,,,,,,TRUE,4,Summit clerk certification utah.gov/pmn/files/1483415.pdf (9/2/26); districts per parkrecord.com 2025/10/09 article; summitcountyutah.gov staff directory ; not seeking reelection (KPCW)
Christie Babalis,County Council District 4,county,Summit,Democratic,FALSE,GENERAL,,,,,,,,,,,,,TRUE,4,Summit clerk certification utah.gov/pmn/files/1483415.pdf (9/2/26); districts per parkrecord.com 2025/10/09 article; summitcountyutah.gov staff directory ; unopposed; no public email/website found
Canice Harte,County Council District 5,county,Summit,Democratic,TRUE,GENERAL,,,,https://summitcountyutah.gov/314/Meet-the-Council,charte@summitcountyutah.gov,435-647-6151,,,,,,,TRUE,5,Summit clerk certification utah.gov/pmn/files/1483415.pdf (9/2/26); districts per parkrecord.com 2025/10/09 article; summitcountyutah.gov staff directory ; unopposed
Scott Bartholomew,County Commissioner Seat A,county,Sanpete,,TRUE,INCUMBENT — not on 2026 ballot,,,,https://www.sanpetecountyutah.gov/commissioners.html,,435-813-2729,,,,,,,TRUE,1,"https://www.utah.gov/pmn/sitemap/notice/1105951.html (2026 General Election Certification, Sept 2 2026); https://www.sanpetecountyutah.gov/commissioners.html; seat letter from Sanpete Messenger (Bartholomew not seeking reelection; Seat A open, AJ Mower on ballot for A). No email published (contact form only)"
AJ Mower,County Commissioner Seat A,county,Sanpete,Republican,FALSE,GENERAL,,,,,,,,,,,,,TRUE,1,"https://www.utah.gov/pmn/sitemap/notice/1105951.html (2026 General Election Certification, Sept 2 2026); https://www.sanpetecountyutah.gov/commissioners.html"
Jim Cheney,County Commissioner Seat B,county,Sanpete,Republican,TRUE,GENERAL,,,,https://www.sanpetecountyutah.gov/commissioners.html,,435-469-0342,,,,,,,TRUE,2,"https://www.utah.gov/pmn/sitemap/notice/1105951.html (2026 General Election Certification, Sept 2 2026); https://www.sanpetecountyutah.gov/commissioners.html; https://www.sanpetecountyutah.gov/commissioners.html. No email published (contact form only)"
Mike Bennett,County Commissioner Seat C,county,Sanpete,,TRUE,INCUMBENT — not on 2026 ballot,,,,https://www.sanpetecountyutah.gov/commissioners.html,,435-851-7107,,,,,,,TRUE,3,https://www.sanpetecountyutah.gov/commissioners.html; seat C inferred by elimination (seats A and B are up in 2026); not on 2026 ballot
Scott Johnson,Commissioner A,county,Sevier,,TRUE,INCUMBENT — not on 2026 ballot,,,,https://www.sevier.utah.gov/departments/county_commissioners/index.php,,435-893-0400,,,,,,,TRUE,1,https://www.sevier.utah.gov/departments/county_commissioners/index.php; UNCERTAIN: seat A inferred (Brown was elected 2024 so is not A/B; Jensen is on ballot for B; Johnson is not on the 2026 ballot). Email not found
Jed J Maxwell,Commissioner A,county,Sevier,Republican,FALSE,GENERAL,,,,,,,,,,,,,TRUE,1,"https://www.utah.gov/pmn/files/1494267.pdf (Sevier certified publication ballot, Nov 3 2026); https://www.utah.gov/pmn/sitemap/notice/1077385.html (emails)"
Greg L Jensen,Commissioner B,county,Sevier,Republican,TRUE,GENERAL,,,,https://www.sevier.utah.gov/departments/county_commissioners/index.php,gregljensen@sevier.utah.gov,435-893-0400,,,,,,,TRUE,2,"https://www.utah.gov/pmn/files/1494267.pdf (Sevier certified publication ballot, Nov 3 2026); https://www.utah.gov/pmn/sitemap/notice/1077385.html (emails)"
Ralph Brown,Commissioner C,county,Sevier,,TRUE,INCUMBENT — not on 2026 ballot,,,,https://www.sevier.utah.gov/departments/county_commissioners/index.php,ralphbrown@sevier.utah.gov,435-893-0400,,,,,,,TRUE,3,https://www.sevier.utah.gov/departments/county_commissioners/index.php; Brown re-elected 2024 (Richfield Reaper) so seat C; email from https://www.utah.gov/pmn/sitemap/notice/1077385.html
Tammy Pearson,Commissioner A,county,Beaver,,TRUE,INCUMBENT — not on 2026 ballot,,,,https://www.beaver.utah.gov/108/Commissioners,,435-691-2409,,,,,,,TRUE,1,"https://www.beaver.utah.gov/108/Commissioners (term expires 2026); seat A inferred: Yardley is B, Hollingshead term ends 2028, Pearson term ends 2026. Email not published"
Jonathan L. Caldwell,Commissioner A,county,Beaver,,FALSE,GENERAL,,,,,,,,,,,,,TRUE,1,"https://www.utah.gov/pmn/files/1482333.pdf (Notice of 2026 General Election Candidates, Sept 1 2026); https://www.beaver.utah.gov/108/Commissioners (party not listed on notice)"
Brandon Yardley,Commissioner B,county,Beaver,,TRUE,GENERAL,,,,https://www.beaver.utah.gov/108/Commissioners,,435-691-4438,,,,,,,TRUE,2,"https://www.utah.gov/pmn/files/1482333.pdf (Notice of 2026 General Election Candidates, Sept 1 2026); https://www.beaver.utah.gov/108/Commissioners (party not listed). Email not published"
Wade Hollingshead,Commissioner C,county,Beaver,,TRUE,INCUMBENT — not on 2026 ballot,,,,https://www.beaver.utah.gov/108/Commissioners,,435-421-1949,,,,,,,TRUE,3,https://www.beaver.utah.gov/108/Commissioners (term ends 2028); seat C inferred. Email not published
Scott Dalton,County Commissioner A,county,Piute,,TRUE,GENERAL,,,,https://piute.gov/your-government/elected-officials/commissioners/,sdalton@piute.utah.gov,,,,,,,,TRUE,1,"https://piute.gov/your-government/elected-officials/clerk-auditor/election-information/ ; Notice of 2026 General Election Candidates (Piute clerk, Sept 1 2026) via https://piute.gov/wp-content/uploads/2026/09/2026-General-Election-Candidate-Certification.pdf (party not listed on county notice; sole candidate)"
Will Talbot,County Commissioner B,county,Piute,,TRUE,GENERAL,,,,https://piute.gov/your-government/elected-officials/commissioners/,williet@piute.utah.gov,,,,,,,,TRUE,2,"https://piute.gov/your-government/elected-officials/clerk-auditor/election-information/ ; Notice of 2026 General Election Candidates (Piute clerk, Sept 1 2026) via https://piute.gov/wp-content/uploads/2026/09/2026-General-Election-Candidate-Certification.pdf (party not listed; sole candidate). Ballot name WILL TALBOT"
Sam Steed,County Commissioner C,county,Piute,,TRUE,INCUMBENT — not on 2026 ballot,,,,https://piute.gov/your-government/elected-officials/commissioners/,sam.steed@piute.utah.gov,,,,,,,,TRUE,3,https://piute.gov/your-government/elected-officials/commissioners/; seat C inferred; not on 2026 ballot
Dennis Blackburn,County Commissioner Seat A,county,Wayne,Republican,TRUE,INCUMBENT — not on 2026 ballot,,,,https://waynecountyutah.gov/pages/wayne-county-commission,dennis@wayne.utah.gov,435-836-1300,,,,,,,TRUE,1,https://waynecountyutah.gov/pages/wayne-county-commission; Blackburn won Seat A in 2022 (utahbyway.com); not on 2026 ballot
Noreen Johnson,County Commissioner Seat A,county,Wayne,Republican,FALSE,GENERAL,,,,,,,,,,,,,TRUE,1,https://waynecountyutah.gov/uploads/sample-ballots-general-election-ballots.pdf (certified Nov 3 2026 ballot)
Kerry Cook,County Commissioner Seat B,county,Wayne,Republican,TRUE,INCUMBENT — not on 2026 ballot,,,,https://waynecountyutah.gov/pages/wayne-county-commission,kerry@wayne.utah.gov,435-836-1300,,,,,,,TRUE,2,https://waynecountyutah.gov/pages/wayne-county-commission; Cook won Seat B in 2022; lost the June 2026 Republican primary to Milly Edwards (waynecountyutah.gov/uploads/primary-unoficial-results.pdf); not on general ballot
Milly Edwards,County Commissioner Seat B,county,Wayne,Republican,FALSE,GENERAL,,,,,,,,,,,,,TRUE,2,https://waynecountyutah.gov/uploads/sample-ballots-general-election-ballots.pdf (certified Nov 3 2026 ballot)
Roger Brian,County Commissioner Seat C,county,Wayne,,TRUE,INCUMBENT — not on 2026 ballot,,,,https://waynecountyutah.gov/pages/wayne-county-commission,roger@wayne.utah.gov,435-836-1300,,,,,,,TRUE,3,https://waynecountyutah.gov/pages/wayne-county-commission; seat C inferred; not on 2026 ballot
Leland F. Pollock,County Commission Seat A,county,Garfield,Republican,TRUE,INCUMBENT — not on 2026 ballot,,,,https://www.garfield.utah.gov/Departments/Commission,leland.pollock@garfield.utah.gov,435-616-2718,,,,,,,TRUE,1,https://www.garfield.utah.gov/Departments/Commission; Pollock won Seat A in 2022 (2022 general canvass); not on 2026 ballot
Richard G Birch,County Commission Seat A,county,Garfield,Republican,FALSE,GENERAL,,,,,,,,,,,,,TRUE,1,https://www.garfield.utah.gov/files/assets/garfieldcout/v/1/documents/auditor-clerk/26gutgar_publication_2_watermark.pdf (certified Nov 2026 publication ballot)
David B. Tebbs,County Commission Seat B,county,Garfield,Republican,TRUE,GENERAL,,,,https://www.garfield.utah.gov/Departments/Commission,david.tebbs@garfield.utah.gov,435-231-1272,,,,,,,TRUE,2,https://www.garfield.utah.gov/files/assets/garfieldcout/v/1/documents/auditor-clerk/26gutgar_publication_2_watermark.pdf (certified Nov 2026 publication ballot); https://www.garfield.utah.gov/Departments/Commission
Jerry A. Taylor,County Commission Seat C,county,Garfield,,TRUE,INCUMBENT — not on 2026 ballot,,,,https://www.garfield.utah.gov/Departments/Commission,jerry.taylor@garfield.utah.gov,801-856-5566,,,,,,,TRUE,3,https://www.garfield.utah.gov/Departments/Commission; seat C inferred; not on 2026 ballot
Patty Kubeja,County Commissioner Seat A,county,Kane,Republican,TRUE,GENERAL,,,,https://www.kane.utah.gov/217/County-Commission,pkubeja@kane.utah.gov,253-315-1518,,,,,,,TRUE,1,"https://www.utah.gov/pmn/files/1482605.docx (Kane sample ballot, Nov 3 2026); https://www.kane.utah.gov/217/County-Commission"
Matthew Fisher,County Commissioner Seat A,county,Kane,Unaffiliated,FALSE,GENERAL,,,,,,,,,,,,,TRUE,1,"https://www.utah.gov/pmn/files/1482605.docx (Kane sample ballot, Nov 3 2026) (no party printed on ballot; treated as Unaffiliated)"
Celeste Meyeres,County Commissioner Seat B,county,Kane,Republican,TRUE,GENERAL,,,,https://www.kane.utah.gov/217/County-Commission,cmeyeres@kane.utah.gov,435-689-0907,,,,,,,TRUE,2,"https://www.utah.gov/pmn/files/1482605.docx (Kane sample ballot, Nov 3 2026); https://www.kane.utah.gov/217/County-Commission"
Bo Folsom,County Commissioner Seat B,county,Kane,Democratic,FALSE,GENERAL,,,https://bo4kane.com,,bo4kane@gmail.com,,,,,,,,TRUE,2,"https://www.utah.gov/pmn/files/1482605.docx (Kane sample ballot, Nov 3 2026) (VERIFIED on certified ballot as DEM); email/website from Democratic party lead"
Gwen Brown,County Commissioner Seat C,county,Kane,,TRUE,INCUMBENT — not on 2026 ballot,,,,https://www.kane.utah.gov/217/County-Commission,gbrown@kane.utah.gov,435-899-1424,,,,,,,TRUE,3,https://www.kane.utah.gov/217/County-Commission; elected Seat C in 2024 (sunews.net)
Larry Jensen,Commissioner,county,Carbon,Republican,TRUE,INCUMBENT — not on 2026 ballot,,,,https://www.carbon.utah.gov/department/commission/,larry.jensen@carbon.utah.gov,435-636-3273,,,,,,,TRUE,1,https://www.carbon.utah.gov/department/commission/ (term 2023-2026); county candidate page says he was out in the primary; not on general ballot
Daniel Campbell,Commissioner,county,Carbon,Republican,FALSE,GENERAL,,,,,campbell4carboncommissioner@gmail.com,,,,,,,,TRUE,1,https://www.carbon.utah.gov/wp-content/uploads/2026/09/2026-General-Election-Candidate-List.pdf ; https://www.carbon.utah.gov/wp-content/uploads/2026/09/All-Sample-Ballot-Types.pdf ; https://www.carbon.utah.gov/candidate-information/
Tony Martines,Commissioner/Surveyor,county,Carbon,,TRUE,INCUMBENT — not on 2026 ballot,,,,https://www.carbon.utah.gov/department/commission/,tony.martines@carbon.utah.gov,435-636-3271,,,,,,,TRUE,2,https://www.carbon.utah.gov/department/commission/ (term 2023-2026); not a candidate
Kourtney Cox,Commissioner/Surveyor,county,Carbon,Republican,FALSE,GENERAL,,,,,kourtney@kourtneycox.com,,,,,,,,TRUE,2,https://www.carbon.utah.gov/wp-content/uploads/2026/09/2026-General-Election-Candidate-List.pdf ; https://www.carbon.utah.gov/wp-content/uploads/2026/09/All-Sample-Ballot-Types.pdf ; https://www.carbon.utah.gov/candidate-information/
Cheryl Lupo,Commissioner/Surveyor,county,Carbon,Unaffiliated,FALSE,GENERAL,,,,,cheryllupo@gmail.com,,,,,,,,TRUE,2,https://www.carbon.utah.gov/wp-content/uploads/2026/09/2026-General-Election-Candidate-List.pdf ; https://www.carbon.utah.gov/wp-content/uploads/2026/09/All-Sample-Ballot-Types.pdf ; https://www.carbon.utah.gov/candidate-information/ (county page lists Unaffiliated)
Jared Haddock,Commissioner (term 2025-2028),county,Carbon,,TRUE,INCUMBENT — not on 2026 ballot,,,,https://www.carbon.utah.gov/department/commission/,jared.haddock@carbon.utah.gov,435-636-3272,,,,,,,TRUE,3,"https://www.carbon.utah.gov/department/commission/; seat not up in 2026. NOTE: Oran Stainbrook (DEM lead) formally withdrew 7/16/2026 and is NOT on the certified ballot, so he is excluded"
Jordan Leonard,Commissioner A,county,Emery,Republican,TRUE,GENERAL,,,,https://emery.utah.gov/home/offices/commission/,jordanl@emery.utah.gov,435-381-3573,,,,,,,TRUE,1,https://emery.utah.gov/wp-content/uploads/2026/08/CandidateCertification.pdf (certified Aug 31 2026); https://www.utah.gov/pmn/sitemap/notice/1105359.html; https://emery.utah.gov/home/offices/commission/ (seat A inferred: Leonard is sole certified candidate for A and sitting commissioner)
Keven A. Jensen,Commissioner B,county,Emery,Republican,TRUE,GENERAL,,,,https://emery.utah.gov/home/offices/commission/,kevenj@emery.utah.gov,435-381-3571,,,,,,,TRUE,2,"https://emery.utah.gov/wp-content/uploads/2026/08/CandidateCertification.pdf (certified Aug 31 2026); https://www.utah.gov/pmn/sitemap/notice/1105359.html; https://emery.utah.gov/home/offices/commission/ (seat B inferred: sitting commissioner, on ballot for B)"
Dennis Worwood,Commissioner C,county,Emery,,TRUE,INCUMBENT — not on 2026 ballot,,,,https://emery.utah.gov/home/offices/commission/,dennisw@emery.utah.gov,435-381-3572,,,,,,,TRUE,3,https://emery.utah.gov/home/offices/commission/; seat C inferred; not on 2026 ballot
Mary McGann,County Commission District 4,county,Grand,,TRUE,INCUMBENT — not on 2026 ballot,,,,https://www.grandcountyutah.net/134/County-Commission,mmcgann@grandcountyutah.gov,435-259-1342,,,,,,,TRUE,1,https://www.grandcountyutah.net/134/County-Commission (term expires 12/31/2026); not on certified ballot
Diego Velasquez,County Commission District 4,county,Grand,Unaffiliated,FALSE,GENERAL,,,,,,,,,,,,,TRUE,1,"https://www.utah.gov/pmn/files/1481665.pdf (Grand 2026 General Election Certification, Aug 31 2026); https://www.grandcountyutah.net/134/County-Commission"
Shalee Holland,County Commission District 4,county,Grand,Unaffiliated,FALSE,GENERAL,,,,,,,,,,,,,TRUE,1,"https://www.utah.gov/pmn/files/1481665.pdf (Grand 2026 General Election Certification, Aug 31 2026); https://www.grandcountyutah.net/134/County-Commission"
Mike McCurdy,County Commission District 5,county,Grand,Republican,TRUE,GENERAL,,,,https://www.grandcountyutah.net/134/County-Commission,mmccurdy@grandcountyutah.gov,435-259-1342,,,,,,,TRUE,2,"https://www.utah.gov/pmn/files/1481665.pdf (Grand 2026 General Election Certification, Aug 31 2026); https://www.grandcountyutah.net/134/County-Commission"
Everett Hildenbrandt,County Commission District 5,county,Grand,Unaffiliated,FALSE,GENERAL,,,,,,,,,,,,,TRUE,2,"https://www.utah.gov/pmn/files/1481665.pdf (Grand 2026 General Election Certification, Aug 31 2026); https://www.grandcountyutah.net/134/County-Commission"
Bill Winfield,County Commission At-Large,county,Grand,Unaffiliated,TRUE,INCUMBENT — not on 2026 ballot,,,,https://www.grandcountyutah.net/134/County-Commission,bwinfield@grandcountyutah.gov,435-259-1342,,,,,,,TRUE,3,https://www.grandcountyutah.net/134/County-Commission (term expires 12/31/2026); Moab Sun News: announced late July he is not seeking reelection; not on certified ballot
Rory Paxman,County Commission At-Large,county,Grand,Unaffiliated,FALSE,GENERAL,,,,,,,,,,,,,TRUE,3,"https://www.utah.gov/pmn/files/1481665.pdf (Grand 2026 General Election Certification, Aug 31 2026); https://www.grandcountyutah.net/134/County-Commission"
Neal D. Herbert,County Commission At-Large,county,Grand,Unaffiliated,FALSE,GENERAL,,,,,,,,,,,,,TRUE,3,"https://www.utah.gov/pmn/files/1481665.pdf (Grand 2026 General Election Certification, Aug 31 2026); https://www.grandcountyutah.net/134/County-Commission"
Trisha Hedin,County Commission District 1,county,Grand,,TRUE,INCUMBENT — not on 2026 ballot,,,,https://www.grandcountyutah.net/134/County-Commission,thedin@grandcountyutah.gov,435-259-1342,,,,,,,TRUE,4,https://www.grandcountyutah.net/134/County-Commission (term to 2028)
Melodie McCandless,County Commission District 2,county,Grand,,TRUE,INCUMBENT — not on 2026 ballot,,,,https://www.grandcountyutah.net/134/County-Commission,mmccandless@grandcountyutah.gov,435-259-1342,,,,,,,TRUE,5,https://www.grandcountyutah.net/134/County-Commission (term to 2028)
Jacques Hadler,County Commission District 3,county,Grand,,TRUE,INCUMBENT — not on 2026 ballot,,,,https://www.grandcountyutah.net/134/County-Commission,jhadler@grandcountyutah.gov,435-259-1342,,,,,,,TRUE,6,https://www.grandcountyutah.net/134/County-Commission (term to 2028)
Brian Martinez,County Commission At-Large (term to 2028),county,Grand,,TRUE,INCUMBENT — not on 2026 ballot,,,,https://www.grandcountyutah.net/134/County-Commission,bmartinez@grandcountyutah.gov,435-259-1342,,,,,,,TRUE,7,"https://www.grandcountyutah.net/134/County-Commission (second at-large seat, term to 2028)"
Silvia Stubbs,County Commissioner District 2,county,San Juan,Republican,TRUE,GENERAL,,,,https://sanjuancountyut.gov/203/Commission,sstubbs@sanjuancountyut.gov,435-587-3223,,,,,,,TRUE,1,https://sanjuancountyut.gov/DocumentCenter/View/4510/Notice-of-Candidates-6-15-2026 (as of 6/15/2026) + 2026 primary canvass https://sanjuancountyut.gov/DocumentCenter/View/4600 (Harvey beat Tumeh 229-174). Post-primary general certification NOT located - verify
Terry Whitehat,County Commissioner District 2,county,San Juan,Democratic,FALSE,GENERAL,,,,,twhitehat@gmail.com,,,,,,,,TRUE,1,https://sanjuancountyut.gov/DocumentCenter/View/4510/Notice-of-Candidates-6-15-2026 (as of 6/15/2026) + 2026 primary canvass https://sanjuancountyut.gov/DocumentCenter/View/4600 (Harvey beat Tumeh 229-174). Post-primary general certification NOT located - verify; email from Democratic party lead
Talia Hansen,County Commissioner District 2,county,San Juan,Unaffiliated,FALSE,GENERAL,,,,,,,,,,,,,TRUE,1,https://sanjuancountyut.gov/DocumentCenter/View/4510/Notice-of-Candidates-6-15-2026 (as of 6/15/2026) + 2026 primary canvass https://sanjuancountyut.gov/DocumentCenter/View/4600 (Harvey beat Tumeh 229-174). Post-primary general certification NOT located - verify
Jamie Harvey,County Commissioner District 3,county,San Juan,Republican,TRUE,GENERAL,,,,https://sanjuancountyut.gov/203/Commission,jharvey@sanjuancountyut.gov,435-587-3223,,,,,,,TRUE,2,https://sanjuancountyut.gov/DocumentCenter/View/4510/Notice-of-Candidates-6-15-2026 (as of 6/15/2026) + 2026 primary canvass https://sanjuancountyut.gov/DocumentCenter/View/4600 (Harvey beat Tumeh 229-174). Post-primary general certification NOT located - verify
Norman Lameman,County Commissioner District 3,county,San Juan,Democratic,FALSE,GENERAL,,,,,Nlameman1022@gmail.com,,,,,,,,TRUE,2,https://sanjuancountyut.gov/DocumentCenter/View/4510/Notice-of-Candidates-6-15-2026 (as of 6/15/2026) + 2026 primary canvass https://sanjuancountyut.gov/DocumentCenter/View/4600 (Harvey beat Tumeh 229-174). Post-primary general certification NOT located - verify; email from Democratic party lead
Jayne J. Smith,County Commissioner District 3,county,San Juan,Unaffiliated,FALSE,GENERAL,,,,,,,,,,,,,TRUE,2,https://sanjuancountyut.gov/DocumentCenter/View/4510/Notice-of-Candidates-6-15-2026 (as of 6/15/2026) + 2026 primary canvass https://sanjuancountyut.gov/DocumentCenter/View/4600 (Harvey beat Tumeh 229-174). Post-primary general certification NOT located - verify
Lori Maughan,County Commissioner (term to 2028),county,San Juan,,TRUE,INCUMBENT — not on 2026 ballot,,,,https://sanjuancountyut.gov/203/Commission,lmaughan@sanjuancountyut.gov,435-587-3223,,,,,,,TRUE,3,"https://sanjuancountyut.gov/203/Commission; commission chair; district not stated on site, not on 2026 ballot (Amer Tumeh lost the D3 Republican primary and is excluded)"
Tracy Killian,County Commissioner Seat A,county,Duchesne,Republican,TRUE,GENERAL,,,,https://duchesne.utah.gov/gov/elected-officials/commissioners,,435-738-1139,,,,,,,TRUE,1,"https://www.utah.gov/pmn/files/1482457.pdf (Duchesne certification, Sept 2026); https://www.utah.gov/pmn/sitemap/notice/1105521.html; https://duchesne.utah.gov/gov/elected-officials/commissioners; county site spells Traci Killian, ballot spells TRACY. Phone is commission assistant line; no direct email published"
Gregory Miles,County Commissioner Seat B,county,Duchesne,Republican,TRUE,GENERAL,,,,https://duchesne.utah.gov/gov/elected-officials/commissioners,,435-738-1139,,,,,,,TRUE,2,"https://www.utah.gov/pmn/files/1482457.pdf (Duchesne certification, Sept 2026); https://www.utah.gov/pmn/sitemap/notice/1105521.html; https://duchesne.utah.gov/gov/elected-officials/commissioners; county site lists Greg Miles, ballot GREGORY MILES. Phone is commission assistant line"
Jeff Chugg,County Commissioner Seat C,county,Duchesne,,TRUE,INCUMBENT — not on 2026 ballot,,,,https://duchesne.utah.gov/gov/elected-officials/commissioners,,435-738-1139,,,,,,,TRUE,3,https://duchesne.utah.gov/gov/elected-officials/commissioners; not on 2026 ballot
John Laursen,County Commission Seat A,county,Uintah,Republican,TRUE,INCUMBENT — not on 2026 ballot,,,,https://www.uintah.utah.gov/departments/a_-_e_departments/commissioners/index.php,uccommission@uintah.utah.gov,435-781-5382,,,,,,,TRUE,1,https://www.uintah.utah.gov/departments/a_-_e_departments/commissioners/index.php; Laursen won Seat A in 2022; not on 2026 ballot (shared commission email)
Keith G. Campbell,County Commission Seat A,county,Uintah,Republican,FALSE,GENERAL,,,,,,,,,,,,,TRUE,1,"https://www.utah.gov/pmn/files/1484353.pdf (Uintah certified general sample ballot, Nov 3 2026)"
Sonja Norton,County Commission Seat B,county,Uintah,Republican,TRUE,INCUMBENT — not on 2026 ballot,,,,https://www.uintah.utah.gov/departments/a_-_e_departments/commissioners/index.php,uccommission@uintah.utah.gov,435-781-5384,,,,,,,TRUE,2,https://www.uintah.utah.gov/departments/a_-_e_departments/commissioners/index.php; Norton won Seat B in 2022; not on 2026 ballot (shared commission email)
Joe McKea,County Commission Seat B,county,Uintah,Republican,FALSE,GENERAL,,,,,,,,,,,,,TRUE,2,"https://www.utah.gov/pmn/files/1484353.pdf (Uintah certified general sample ballot, Nov 3 2026)"
Ronald K Richards,County Commission Seat B,county,Uintah,Constitution,FALSE,GENERAL,,,,,,,,,,,,,TRUE,2,"https://www.utah.gov/pmn/files/1484353.pdf (Uintah certified general sample ballot, Nov 3 2026)"
Willis LeFevre,County Commission Seat C,county,Uintah,,TRUE,INCUMBENT — not on 2026 ballot,,,,https://www.uintah.utah.gov/departments/a_-_e_departments/commissioners/index.php,uccommission@uintah.utah.gov,435-781-5381,,,,,,,TRUE,3,https://www.uintah.utah.gov/departments/a_-_e_departments/commissioners/index.php; seat C by elimination; not on 2026 ballot. Note: ballot also carries a county question on adopting Council-Manager form of government
Jack Lytle,Commissioner B,county,Daggett,,TRUE,INCUMBENT — not on 2026 ballot,,,,https://www.daggettcounty.gov/26/Commission,jlytle@daggettcounty.gov,435-784-3218,,,,,,,TRUE,2,https://www.daggettcounty.gov/26/Commission; UNCERTAIN: seat B inferred; Lytle did not file for 2026. Certified list not found
Matt Tippets,Commissioner A,county,Daggett,,TRUE,GENERAL,,,,https://www.daggettcounty.gov/26/Commission,mtippets@daggettcounty.gov,435-784-3218,,,,,,,TRUE,1,https://www.daggettcounty.gov/601/Conflict-of-Interest-Forms (Jan 2026 filings); certified general-election list NOT located; only filer for A; UNCERTAIN: party and certification unverified
Randy Asay,Commissioner C,county,Daggett,,TRUE,INCUMBENT — not on 2026 ballot,,,,https://www.daggettcounty.gov/26/Commission,rasay@daggettcounty.gov,435-784-3218,,,,,,,TRUE,3,https://www.daggettcounty.gov/26/Commission; seat C inferred; not up in 2026
