DistrictType,District,Party,Name,Email,Website,Facebook,Instagram,X,DonateURL,Source
house,1,Democratic,Chris Reid,chrisreid4hd1@gmail.com,,,,,,Democratic party contact sheet
house,2,Democratic,Barbara Haggerty,barbiehaggerty@icloud.com,https://www.haggertyforutah.com/,https://www.facebook.com/share/1Neujautoh/,https://www.instagram.com/haggertyforutah,,,Democratic party contact sheet
house,4,Democratic,Zane Woolstenhulme,zeke1152@gmail.com,https://www.zane4district4.com/,https://www.facebook.com/profile.php?id=61591922281019,https://www.instagram.com/zane4district4/,,,Democratic party contact sheet
house,5,Democratic,Kendra Penry,Kendra.penry@gmail.com,https://www.kendraforutah.com/,https://www.facebook.com/share/1KjeZeNMCt/,https://www.instagram.com/electkendrapenry,,,Democratic party contact sheet
house,7,Democratic,Bianca Mittendorf,info@electbianca.com,https://www.electbianca.com/,https://www.facebook.com/electbiancahd7/,https://www.instagram.com/elect_bianca_hd7,,,Democratic party contact sheet
house,8,Democratic,Kim James,kimjamesforutah@gmail.com,https://www.kimjamesforutah.org/,https://www.facebook.com/kimjamesforutah,https://www.instagram.com/kimjamesforutah,,,Democratic party contact sheet
house,9,Democratic,Angela Choberka,angela.choberka@gmail.com,https://www.angelachoberka.com/,https://www.facebook.com/choberkaogdencity1/,https://www.instagram.com/angelachoberkaforutah,,,Democratic party contact sheet
house,10,Democratic,Rosemary Lesser,rtlesser@gmail.com,https://www.rosemarylesser.com/,https://www.facebook.com/RosemaryLesserMD,https://www.instagram.com/replesserhd10/,https://x.com/replesser,,Democratic party contact sheet
house,11,Democratic,Dave Calder,votecalder@gmail.com,https://www.votedavecalder.com/,https://www.facebook.com/dkcalder,,,,Democratic party contact sheet
house,12,Democratic,Anna Graff,annagraff801@gmail.com,https://www.electannagraff.com,https://www.facebook.com/ElectAnnaGraff/,https://www.instagram.com/electannagraff,,,Democratic party contact sheet
house,13,Democratic,Jeffrey Anderson,Jeffrey.Anderson4HD13@gmail.com,https://jeffandersonforutahhouse.com,,,,,Democratic party contact sheet
house,14,Democratic,Brandon Young,Bydirectorssp@mac.com,https://www.youngforhouse.com/,https://www.facebook.com/people/Brandon-Young-for-Utah-House-District-14/61577546979131/,,,,Democratic party contact sheet
house,15,Democratic,Anne Berbert,voteanneberbert@gmail.com,https://www.voteanneberbert.com/,https://www.facebook.com/people/Vote-Anne-Berbert/61588326052667/,https://www.instagram.com/voteanneberbert,,,Democratic party contact sheet
house,16,Democratic,Abigail Treasure,atreasure4ut@gmail.com,https://www.atreasure4ut.com/,https://www.facebook.com/people/A-Treasure-4-UT/61583975604479/,https://www.instagram.com/atreasure4ut/,,,Democratic party contact sheet
house,17,Democratic,Eric Last,ericlast1@gmail.com,https://ericlast.com/,https://www.facebook.com/people/Eric-Last-for-Utah-HD17/61587108901980/,https://www.instagram.com/ericlast4utah/,,,Democratic party contact sheet
house,18,Democratic,Scott Troxel,scotrox@gmail.com,https://troxelforutah.com/,https://www.facebook.com/share/1E2QndzE3H/,,,,Democratic party contact sheet
house,20,Democratic,Phil Graves,phillyg801@yahoo.com,https://electphilgraves.com/,,,,,Democratic party contact sheet
house,21,Democratic,Stephen Otterstrom,stephen.otterstrom@gmail.com,https://www.stephenforslc.com/,https://www.facebook.com/stephenforslc,https://www.instagram.com/stephenforslc,,,Democratic party contact sheet
house,22,Democratic,Jen Dailey-Provost,jldprovost@gmail.com,https://jenforutah.com/,https://www.facebook.com/jenforutah/about,https://www.instagram.com/jenforutah/,https://x.com/jenforutah,,Democratic party contact sheet
house,23,Democratic,Hoang Nguyen,hoang@hoangforhouse.com,https://hoangforhouse.com/,https://www.facebook.com/hoang.nguyen.616613/,https://www.instagram.com/rephoang_ut23/,,,Democratic party contact sheet
house,24,Democratic,Grant Miller,grantmillerhouse24@gmail.com,https://www.grantmillerforhouse24.com/,,https://www.instagram.com/grantistheguy,,,Democratic party contact sheet
house,25,Democratic,Angela Romero,angela@angelaromero.com,https://www.angelaromero.com/,https://www.facebook.com/RepAngelaRomero,https://www.instagram.com/repangelaromero/,https://x.com/RepAngelaRomero,,Democratic party contact sheet
house,26,Democratic,Michael Finch,mfinch7@gmail.com,https://www.votefinch.com/,https://www.facebook.com/michael.e.finch,https://www.instagram.com/votefinch/,,,Democratic party contact sheet
house,27,Democratic,Liz Gandy Oates,liz@lizforutah.com,https://www.lizforutah.com/,https://www.facebook.com/lizforutah,https://www.instagram.com/lizforutah,,,Democratic party contact sheet
house,28,Democratic,Anita Dalrymple,anitad4utahhouse@rocks4u.com,https://anitadalrymple4utah.vote/,https://www.facebook.com/anita.dalrymple.2025/,,,,Democratic party contact sheet
house,29,Democratic,Sara Snow,sara@saraforutah.com,https://saraforutah.com,https://www.facebook.com/SaraForUtah,https://www.instagram.com/saraforutah/,https://x.com/saraforutah,,Democratic party contact sheet
house,30,Democratic,Jake Fitisemanu,jjfitisemanu@gmail.com,https://www.jakeforutah.com/,https://www.facebook.com/JakeForUT/,https://www.instagram.com/jake_fitisemanu_for_utah,,,Democratic party contact sheet
house,31,Democratic,Verona Mauga,veronamauga@gmail.com,https://www.voteverona.com/,https://www.facebook.com/profile.php?id=100089455034679,https://www.instagram.com/veronamauga/,,,Democratic party contact sheet
house,32,Democratic,Sahara Hayes,saharaforest@comcast.net,https://www.votesahara.com/,https://www.facebook.com/votesahara,https://www.instagram.com/votesahara/,,,Democratic party contact sheet
house,33,Democratic,Doug Owens,dougowens.ut@gmail.com,https://www.dougowens.com/,https://www.facebook.com/DougOwensUtah,https://www.instagram.com/dougowensutah/,https://x.com/DougOwensUtah,,Democratic party contact sheet
house,34,Democratic,Julie Jackson,julejack@gmail.com,https://www.juliejacksonforutah.com/,,,,,Democratic party contact sheet
house,35,Democratic,Rosalba Dominguez,me@voterosalba.com,https://www.voterosalba.com/,https://www.facebook.com/VoteRosalbaDominguez/?ref=NONE_xav_ig_profile_page_web,https://www.instagram.com/rosalbadominguez_/,,,Democratic party contact sheet
house,36,Democratic,Blake Townsend,blaketownsendforoffice@gmail.com,https://www.blakeforhouse36.com/,,,,,Democratic party contact sheet
house,37,Democratic,Ashlee Matthews,ashleeannmatthews@gmail.com,http://www.ashleeforutah.com/,https://www.facebook.com/AshleeforUtah/,https://www.instagram.com/ashleeforutah/,,,Democratic party contact sheet
house,39,Democratic,Drew Howells,Drew@howells4utah.com,https://www.howells4utah.com/,https://www.facebook.com/profile.php?id=61586146647506,https://www.instagram.com/howells4utah,,,Democratic party contact sheet
house,40,Democratic,Andrew Stoddard,Andrew@voteandrewstoddard.com,https://www.voteandrewstoddard.com/,,,,,Democratic party contact sheet
house,41,Democratic,John Arthur,john@votejohnarthur.com,https://www.votejohnarthur.com/,https://www.facebook.com/VoteJohnArthur/,https://www.instagram.com/votejohnarthur,,,Democratic party contact sheet
house,42,Democratic,Iva Williams,electivawilliams@gmail.com,https://electivawilliams.com,https://www.facebook.com/profile.php?id=61576659737119,,,,Democratic party contact sheet
house,43,Democratic,Ofa Matagi,ofaforsandyhd43@gmail.com,,,,,https://secure.actblue.com/donate/ofa-matagi-1,Democratic party contact sheet
house,44,Democratic,Jess Birtcher,jbirtcher@comcast.net,https://www.yes2jesshd44.com/,https://www.facebook.com/yes2jesshd44/,https://www.instagram.com/yes2jesshd44/,,,Democratic party contact sheet
house,45,Democratic,Rod Moser,rod@utahgrit.com,https://www.utahgrit.com,https://www.facebook.com/RodMoser.UtahGrit/,https://www.instagram.com/utah.grit/,,,Democratic party contact sheet
house,46,Democratic,Braxten Rutherford,braxten@me.com,,,,,,Democratic party contact sheet
house,48,Democratic,Benyde (Bennie) Walker,benyde.airam@gmail.com,https://www.benydewalker.com/,,https://www.instagram.com/benydewalker/,,,Democratic party contact sheet
house,49,Democratic,Lillian Bowles,lillianbowles@gmail.com,https://www.lillianbowles.com/,https://www.facebook.com/lillian.bowles,https://www.instagram.com/electlillianbowles/,,,Democratic party contact sheet
house,50,Democratic,Kristin Meyer,kristin@meyerforhd50.com,https://meyerforhd50.com/,https://www.facebook.com/meyerforhd50/,https://www.instagram.com/meyerforhd50,,,Democratic party contact sheet
house,51,Democratic,Brett Nielsen,brett@brettforutah.com,https://www.brettforutah.com/,https://www.facebook.com/brettforutah,https://www.instagram.com/brettforutah,,,Democratic party contact sheet
house,52,Democratic,Nicole Melling,nicolemelling@gmail.com,https://standup-utah.com/,https://www.facebook.com/profile.php?id=61587439847541,https://www.instagram.com/standuputah/,,,Democratic party contact sheet
house,53,Democratic,Kevin Slater,retals_nivek@msn.com,https://www.kevinslaterutahhouse53.org/,,,,,Democratic party contact sheet
house,54,Democratic,Kristina Robinson,kristina@campaignkristina.com,https://campaignkristina.com/,,,,,Democratic party contact sheet
house,55,Democratic,Travis Hysell,travis.hysell@gmail.com,https://www.votehysell.com/,,,,,Democratic party contact sheet
house,56,Democratic,Natassja Grossman,natassjamgrossman@gmail.com,https://natassjagrossman.com/,,https://www.instagram.com/natassja.grossman.4utah/,,,Democratic party contact sheet
house,58,Democratic,Karli Sue Black,karli@votekarliblack.com,https://www.votekarliblack.com/,,https://www.instagram.com/votekarliblack/,,,Democratic party contact sheet
house,59,Democratic,Celeste Johnson,celesteisinthehouse@gmail.com,https://www.celestejohnsonforutah.com/,,https://www.instagram.com/celestejohnson2017/,,,Democratic party contact sheet
house,61,Democratic,Alan Jimenez,alanforutah@outlook.com,https://alanforutah.com/,https://facebook.com/alanforutah,https://instagram.com/alanforutah,https://x.com/alanforutah,,Democratic party contact sheet
house,62,Democratic,David Chappell,info@davidforutah.com,https://www.davidforutah.com/,,https://www.instagram.com/davidforutah/,https://x.com/davidforutah,,Democratic party contact sheet
house,63,Democratic,Mark Youngquist,mark4house63@gmail.com,,,,,,Democratic party contact sheet
house,66,Democratic,Breanne Mashek,breannemashek@gmail.com,https://breannemashek.com/,https://www.facebook.com/breanne.mashek/,https://www.instagram.com/breanne303/,,,Democratic party contact sheet
house,67,Democratic,Carl Ingwell,carlingwell@gmail.com,https://carlforhd67.com/,https://www.facebook.com/CarlforHD67/,https://www.instagram.com/carl.ingwell/,https://x.com/VoteCarl,,Democratic party contact sheet
house,69,Democratic,Tracie Yellowman Tso,tracieforutah@gmail.com,https://www.tracieforutah.com/,https://www.facebook.com/profile.php?id=61587145917680,https://www.instagram.com/tracieforutah/,https://x.com/Tracie4Utah,,Democratic party contact sheet
house,70,Democratic,Stacey Pendergraft,Maleko32017@outlook.com,https://www.sdpforhd70.com,,,,,Democratic party contact sheet
house,71,Democratic,Thomas Loveheart,tomleemonroe@gmail.com,https://www.voteloveheart.com/,,,,,Democratic party contact sheet
house,72,Democratic,Eva M. Weldon,ms.eweldon@gmail.com,,,https://www.instagram.com/weldon4utah72/,,,Democratic party contact sheet
house,73,Democratic,Glenn D. Webb,1glennwebb@gmail.com,https://www.webb4utah.com/,,,,,Democratic party contact sheet
house,74,Democratic,Jeffrey N. Lipe,jeff4hd74@gmail.com,https://www.vote4jefflipe.com/,,,,,Democratic party contact sheet
house,75,Democratic,Rebecca Windsor,msbecwinsor@gmail.com,,,,,,Democratic party contact sheet
senate,1,Democratic,Claudia Bigler,cbigler111@msn.com,,https://www.facebook.com/cbigler111/,https://www.instagram.com/cbigler111/,,,Democratic party contact sheet
senate,5,Democratic,"""CJ"" Christina Hernandez",Info@cjforsenate.com,https://www.cjforsenate.com/,https://www.facebook.com/profile.php?id=61585113681133,,,,Democratic party contact sheet
senate,6,Democratic,Jared Neal,Jaredneal24@gmail.com,https://www.nealforutah.com/,https://www.facebook.com/profile.php?id=61587273723865,https://www.instagram.com/nealforutah/,,,Democratic party contact sheet
senate,7,Democratic,Garrett Rushforth,garretrush47@gmail.com,https://voterushforth.com/,https://www.facebook.com/people/Rushforth-for-Utah-Senate/61589025790787/,https://www.instagram.com/rushforth4utah,,,Democratic party contact sheet
senate,9,Democratic,Jen Plumb,jenplumb@yahoo.com,https://www.jenplumb.com/,http://www.facebook.com/votejenplumb,https://www.instagram.com/vote_jen_plumb/,https://twitter.com/jennifer_plumb,,Democratic party contact sheet
senate,12,Democratic,Karen Kwan,karen.kwan288@gmail.com,https://kwanforsenate.com/,https://www.facebook.com/RepKarenKwan,https://www.instagram.com/senkarenkwan12/,,,Democratic party contact sheet
senate,13,Democratic,Silvia Catten,silviacatten@gmail.com,https://www.silviacatten.com/,http://facebook.com/silviaforutah,http://instagram.com/utahsilvia,,,Democratic party contact sheet
senate,14,Democratic,Stephanie Pitcher,stephanie.pitcher@gmail.com,https://www.electstephanie.com/,,,,,Democratic party contact sheet
senate,18,Democratic,A. Dane Anderson,anthony.dane.anderson@gmail.com,https://www.dane4utah.win/,,,,,Democratic party contact sheet
senate,19,Democratic,Shana Anderson,andersonforsenate19@gmail.com,https://www.andersonforutah.com/,,,,,Democratic party contact sheet
senate,21,Democratic,Kandee Myers,lulabellmoser@gmail.com,https://kandee4utah.com,,,,,Democratic party contact sheet
senate,23,Democratic,Tucker Smith,smith.tucker1@gmail.com,https://www.tuckersmithforutah.com/,,,,,Democratic party contact sheet
senate,28,Democratic,Richard (Shane) Robillard,robillard4senate@gmail.com,https://www.robillard4senate.com/,,,,,Democratic party contact sheet
house,20,Democratic,Lew Jeppson,saltygarfield@gmail.com,,,,,,Democratic party contact sheet
senate,1,Forward,Julie Quinlan,julieq4utah@proton.me,,,,,,"LG declaration of candidacy (handwritten scan) — hard to read, verify"
senate,5,Republican,Jill F. Koford,jill@votekoford.com,,,,,,LG declaration of candidacy (handwritten scan)
senate,6,Forward,Josh Smith,josh4utah@gmail.com,https://electjoshsmith.com,,,,,LG declaration of candidacy (handwritten scan)
senate,6,Republican,Tami Tran,vote4tami@gmail.com,https://vote4tami.com,,,,,LG declaration of candidacy (handwritten scan)
senate,7,Republican,Stephanie Hollist,voteforstephaniehollist@gmail.com,,,,,,LG declaration of candidacy (handwritten scan)
senate,9,Republican,Thaddeus A Evans,thaddeus.evans12@gmail.com,,,,,,LG declaration of candidacy (handwritten scan)
senate,9,Forward,J. Lowry Snow,jlowry@jlowrysnow-forward.com,,,,,,LG declaration of candidacy (handwritten scan)
senate,11,Republican,Brooks Benson,brooksbenson@brooksbenson4utah.com,,,,,,LG declaration of candidacy (handwritten scan)
senate,12,Republican,Deidre Tyler,datyler979@gmail.com,,,,,,"LG declaration of candidacy (handwritten scan) — hard to read, verify"
senate,13,Forward,Colin Smith,colin.5329@gmail.com,,,,,,"LG declaration of candidacy (handwritten scan) — hard to read, verify"
senate,13,Republican,Ryan L. Mahoney,ryan.mahoney4utah@gmail.com,,,,,,LG declaration of candidacy (handwritten scan)
senate,18,Republican,Doug Fiefia,dougfiefia@gmail.com,,,,,,LG declaration of candidacy (handwritten scan)
senate,20,Forward,Annette McRae,annettemcrae4utsenate@gmail.com,,,,,,LG declaration of candidacy (handwritten scan)
senate,21,Forward,Wayne Woodfield,wayne@woodfieldfamily.org,,,,,,LG declaration of candidacy (handwritten scan)
house,3,Unaffiliated,Patrick Belmont,belmont4utah@gmail.com,,,,,,LG declaration of candidacy (handwritten scan)
house,6,Forward,James Rich,district6@chowhouse.com,,,,,,LG declaration of candidacy (handwritten scan)
house,8,Forward,Libby Shelton,libbyasheltonutah@gmail.com,,,,,,"LG declaration of candidacy (handwritten scan) — hard to read, verify"
house,10,Republican,Jim Alvey,jim@alveymedia.com,,,,,,LG declaration of candidacy (handwritten scan)
house,13,Republican,Erik R. Craythorne,erik@erik4utah.com,,,,,,LG declaration of candidacy (handwritten scan)
house,13,Forward,Tony De Mille,vote4bigtony@gmail.com,,,,,,LG declaration of candidacy (handwritten scan)
house,14,Republican,John Taylor,johntaylor4utah@gmail.com,https://johntaylor4utah.com,,,,,LG declaration of candidacy (handwritten scan)
house,17,Republican,Lili Bitner,lili@votebitner.com,https://votebitner.com,,,,,LG declaration of candidacy (handwritten scan)
house,23,Forward,Cabot W Nelson,cabot.nelson@yahoo.com,,,,,,LG declaration of candidacy (handwritten scan)
house,24,Republican,Braeden J. Oswald,ozwicky@hotmail.com,,,,,,LG declaration of candidacy (handwritten scan)
house,25,Republican,Richard T Nowak,asapbirds@live.com,,,,,,LG declaration of candidacy (handwritten scan)
house,29,Republican,Sheldon Birch,sheldon4house29@gmail.com,,,,,,LG declaration of candidacy (handwritten scan)
house,29,Forward,Tynley Bean,tynleybean@gmail.com,,,,,,LG declaration of candidacy (handwritten scan)
house,29,Constitution,Jonathan Garrard,vote4garrard@yahoo.com,,,,,,LG declaration of candidacy (handwritten scan)
house,30,Republican,Dave Parke,daveparke@hotmail.com,,,,,,LG declaration of candidacy (handwritten scan)
house,32,Republican,Aileen Hampton,aileen@voteforaileen.org,,,,,,LG declaration of candidacy (handwritten scan)
house,33,Republican,Anna Reeves,district33annareeves@outlook.com,,,,,,LG declaration of candidacy (handwritten scan)
house,35,Republican,Monique I. Ketcham,monique4office@gmail.com,,,,,,LG declaration of candidacy (handwritten scan)
house,37,Republican,Casey Saxton,caseysaxtonut@gmail.com,,,,,,LG declaration of candidacy (handwritten scan)
house,38,Republican,Chris McConnehey,westjordanchris@gmail.com,,,,,,LG declaration of candidacy (handwritten scan)
house,41,Republican,Darren Croft,dvcroft@gmail.com,,,,,,LG declaration of candidacy (handwritten scan)
house,48,Republican,Jake Hunsaker,jakehunsaker1@gmail.com,,,,,,"LG declaration of candidacy (handwritten scan) — hard to read, verify"
house,53,Forward,John Boyd,john@jbforutah.com,,,,,,LG declaration of candidacy (handwritten scan)
house,59,Republican,Luke Searle,lukejsearle@gmail.com,,,,,,LG declaration of candidacy (handwritten scan)
house,61,Constitution,Jennifer K Doud,jendoud@hotmail.com,,,,,,LG declaration of candidacy (handwritten scan)
house,63,Forward,Julie Smith,juliestansfieldsmith@gmail.com,,,,,,LG declaration of candidacy (handwritten scan)
house,64,Unaffiliated,Alan Wessman,alan@electawessman.com,,,,,,LG declaration of candidacy (handwritten scan)
house,66,Constitution,Russ Hatch,rghatch@yahoo.com,,,,,,"LG declaration of candidacy (handwritten scan) — hard to read, verify"
house,67,Republican,Jr Bird,jr@jrbird.org,,,,,,LG declaration of candidacy (handwritten scan)
house,68,Constitution,Sonya Ray,sonyaray20@yahoo.com,,,,,,LG declaration of candidacy (handwritten scan)
house,70,Forward,Zeno B. Parry,zenoparry@gmail.com,,,,,,LG declaration of candidacy (handwritten scan)
house,72,Constitution,April A Pinkston,flowers.books.friends@gmail.com,,,,,,"LG declaration of candidacy (handwritten scan) — hard to read, verify"
